Job Name,Company Name,Location,Days Posted,Link
"Data Analyst /Scientist","C2S Technologies","Cambridge, MA","8 days ago","https://www.indeed.com/viewjob?jk=567791babe7873ce"
"Technical Data Analyst","All Inbox LLC","Boston, MA","22 days ago","https://www.indeed.com/viewjob?jk=50c4bba4d7f437c4"
"Data Engineer - Mid to Entry Level - SQL, Python, Spark, Node","B.B. IT","Southborough, MA","27 days ago","https://www.indeed.com/viewjob?jk=9a4eafb412679ee6"
"Lead Python Software Engineer IoT","TVision Insights","Boston, MA","5 hours ago","https://www.indeed.com/viewjob?jk=412074fd9f209122"
"Student Research Collaboration","Google","Cambridge, MA 02142 (East Cambridge area)","5 days ago","https://www.indeed.com/viewjob?jk=d27e8614d40c4994"
"Scientist I","Vertex","Boston, MA 02298 (Central area)","28 days ago","https://www.indeed.com/viewjob?jk=da587cb63b4a2818"
"Python Developer","Waltech Inc","Waltham, MA","4 days ago","https://www.indeed.com/viewjob?jk=9aa11e5998410d12"
"Senior Backend Developer- Python- Series A Startup!","TEEMA Solutions Group","Boston, MA 02111 (Central area)","22 hours ago","https://www.indeed.com/viewjob?jk=e927345cf4be6a6a"
"Java Developer with Spark and Python","VY Systems","Boston, MA","3 days ago","https://www.indeed.com/viewjob?jk=978d620e89d9bd39"
"Python Engineer","Crop One Holdings, Inc.","Boston, MA","17 days ago","https://www.indeed.com/viewjob?jk=eaf8d9aecc264e1d"
"Application Product Support Engineer","TiVo","Boston, MA","6 hours ago","https://www.indeed.com/viewjob?jk=45f3722985ad5383"
"Customer Experience Engineer","NuoDB","Cambridge, MA 02142 (East Cambridge area)","30+ days ago","https://www.indeed.com/viewjob?jk=c7ef6e05810a0e4d"
"Python Developer","BlockTest","Cambridge, MA","4 days ago","https://www.indeed.com/viewjob?jk=509f83fb2fcd980f"
"Research Scientist I","Vertex","Boston, MA 02298 (Central area)","3 days ago","https://www.indeed.com/viewjob?jk=2feb4bbb55c87874"
"Backend Python Developer","Etiometry","Boston, MA 02134 (Allston-Brighton area)","17 days ago","https://www.indeed.com/viewjob?jk=7c03b0464004a83c"
